sleep_hours,daily_steps,calories_intake,bmi
7.0,7926.0,2937.0,28.63266922233996
8.0,9078.0,1621.0,25.150493018453663
5.0,11822.0,1852.0,23.707369214791775
7.0,5185.0,2347.0,30.31388667063304
7.0,4269.0,2456.0,30.023481375754155
8.0,10449.0,3184.0,27.817485921985703
5.0,5933.0,2074.0,29.010107776764222
5.0,8811.0,2682.0,28.790123299984806
7.0,8551.0,2110.0,26.57402059754894
6.0,9920.0,3099.0,28.135113001448175
7.0,4684.0,2299.0,29.544188049021997
7.0,8055.0,2575.0,28.4722580399249
